x1,x2,x3,y
-1.0,0.18875699308124028,-0.42204890839120224,-2.619618204376356
-0.401227095339181,1.0,0.8021583717726086,10.015356429134556
0.0689313740945825,-1.0,0.4300016762369625,1.2286067639977225
-1.0,-0.0699371782142133,0.4200975065784254,-3.5186279702230276
1.0,0.5004002825972667,0.282706611371766,7.714509010746174
0.16908074603676448,0.011050895669346028,0.14866158931151685,0.7923029466059978
-0.4134132807435058,0.37221715416508405,0.8935134034243,0.937466716620595
-0.10735324513962441,-1.0,0.8842344612159097,-3.8017312196325914
-1.0,0.08818127889334404,-1.0,11.937344301782872
-0.3687499320579404,-0.9748855824362108,0.3496749081983015,2.7169449611401246
-0.2097395518096512,-0.9524165406198013,0.3473309631356454,2.244001805530521
-1.0,1.0,-0.44168062936076047,11.462972260239587
-0.019295419977755524,-1.0,0.574476334265217,0.9765182692672625
-0.6691123481216421,0.6484255549392595,-0.36390012107074154,-0.9512701464630197
0.8242906712892961,0.7833884787002443,-0.6897293812948211,4.763715691400417
-0.7192979941627082,1.0,-1.0,1.2855169820793437
1.0,-0.6639228681884055,-0.7791452059755064,5.032919070955733
0.48639854805679716,0.12127907747255207,0.5044806067082148,1.0966302801725363
-0.059457531738631886,0.5918666043508882,0.4236765137759986,-0.24446848104726282
1.0,0.10313693828089132,0.10809179378667189,4.663469321367575
0.10249748269829162,0.7985809260487966,0.6525334638175846,2.6481881211120575
1.0,0.7366267170892606,1.0,25.351185129763365
0.24797728314286305,-0.6284706834617484,0.6490471416078627,-0.302808939191522
-1.0,0.25482471598622514,-0.770443928153183,4.129117913642875
-1.0,0.37725318915385286,0.031125543662127164,-3.7311411584716936
0.19377433592668147,-0.8272410936124392,1.0,-4.378659836900557
-0.5519837445156646,0.23375104301187366,-0.9914210423099072,-0.2159412968868636
-0.24843611697517187,-0.3422562608696951,0.4751372355344996,0.2770119145049034
-0.2897989054606718,0.28569809037044513,-0.238821491568302,-1.0535979120532866
-0.19729237265079358,-0.882229766503571,0.11520511139848688,2.0482730847842414
0.7689806735123883,1.0,-1.0,14.563450637516008
0.598973912880141,-0.9477075271508713,-0.21132701830196066,0.5752920494246674
-1.0,0.17829493112446948,-0.19089798805557945,-4.022968625934049
0.5378724106413957,-0.09660572613288632,-0.25855663486362634,1.750897806877282
1.0,-0.012060013954916071,1.0,12.26445940301953
0.9594481176861429,0.9107392333661795,0.26400756977788786,9.83228713029682
0.4385892496206032,-0.2600612824495039,-0.2512067468058503,1.0277801512719469
0.47023293597509164,-0.5622648030429687,0.18217208617502734,1.133758232345349
0.8265808134459249,0.34830903062603125,0.4928985018520924,4.0550808339892415
0.1287914846235665,1.0,-0.9886492212264832,5.214137222600305
-0.010013641106328741,-0.2592586429143302,1.0,-0.44192667907942673
-0.21931337172762055,-1.0,-0.6860634683339581,-3.391403729941647
-1.0,-0.7176467645530613,-0.6150689417430144,1.6238995359966135
0.896249968053054,0.5060099927013493,-0.32277200433918063,3.1061136578219686
-1.0,0.21133176206709425,-0.07985510516955707,-4.062056436925801
-0.17841090811430527,-0.5872469295782423,1.0,-1.403394910100467
0.17869101029243994,0.7506757849999708,0.7918996906175655,3.4881986981617077
-0.42185908452088894,0.045127856278074585,1.0,1.1773689473737392
0.3293191315054407,-0.0729055595610486,-0.14926378610162216,1.5956943970765245
0.8442656598657932,1.0,-0.40978369552936234,13.040143510516112
-0.18289758479355367,0.3410643022027475,1.0,2.7083948943514717
0.392312691240305,1.0,-0.4040013401592295,10.635625340320601
-1.0,1.0,0.4269336820686571,2.646064399506073
0.815765755803965,-0.6885419879257755,-0.1880882908915853,0.9155180690410512
-0.9767612013226064,-0.03314768395600898,0.3322596246263805,-3.8019636934892627
-1.0,-0.616609760389841,-0.7770806252026468,1.3541145200002076
-1.0,-0.4229108784664064,0.18615876110548624,-1.9554759169209848
-0.04655923937010087,-1.0,0.5622758022204062,0.5504879483038303
1.0,-0.1593304034649976,-0.37836306887039295,4.294635588524961
-1.0,-0.7841227550556162,-0.4178083569092521,2.128197692637294
-0.6858720383015835,0.24414863854990254,1.0,2.776534331179216
-0.04915165290188783,-0.5628719303428882,-0.24283022627519668,1.783739916899048
-0.3798562347157557,-0.8260616215260848,-1.0,-8.101304420776884
-0.04082592687590392,0.7064266543006139,0.03655439618249412,1.4078907397919433
-0.8006245224510229,0.38518433850043055,-0.2752647158097312,-2.1116935645287285
-1.0,1.0,0.902586934040376,7.936509563454756
0.598420605606401,-0.8725460409027883,-1.0,-13.970565770001274
0.46023254786722223,-0.23388631394137005,-1.0,-4.159860623204712
-0.5498025596884009,0.28853189539634116,-0.6681785516930367,-0.8367191755669663
0.38522191412136997,-0.2381831395324756,0.235009488546865,1.9260626545870378
0.07183835757606638,-0.4766180481923452,1.0,-2.4360172345956377
0.2590054278597249,0.3798322747924985,0.225693901499171,0.6367642370984515
1.0,-0.0667962053044171,0.4655523016283962,6.341625609229034
-0.3345364899500469,0.16732086585864403,0.24871969395033777,-0.4677589834151906
0.5986846235304089,0.3119327030543704,-0.17459389156647265,1.8159624980182978
-0.1047605216800318,0.22128149019695909,1.0,1.8538057899276097
-0.2627851766907452,0.6070919802748489,-0.13456770126686846,-0.3174229123922203
-0.04314278282153694,0.9842289339425714,0.09422838978321058,6.968844855130016
0.41046464621006806,-0.06907250399157938,-0.0027781453066988426,1.3291383649656137
-0.45574165430532787,0.6700079528306715,-1.0,-3.93127754050281
0.6599558777090022,-1.0,-0.0010218301244555583,-2.1646050760513265
0.017090294864180677,0.053841795124782266,0.7033252576073874,-0.02029338353209756
0.21857884559944307,1.0,0.16487696704333854,7.05152182179353
0.11327971423818961,-0.9882479235828654,-0.6876219484942143,-3.815497449306494
1.0,0.0550927066886675,0.382591073267756,5.963655805339254
0.20792940257015746,0.3203125904848476,0.9351041573208456,0.20933024457890226
-1.0,0.03466170945018909,-1.0,11.925322245009081
1.0,-1.0,-0.8860653618222043,-21.295315563645072
0.31788856256410103,0.06563999550703059,-1.0,-3.1418599925020354
1.0,-0.972656483032629,-1.0,-24.771187316986325
1.0,-1.0,0.1465556045620462,-7.487400296174615
-0.48836885134145747,-0.993149427170027,0.19246026330807875,3.439183306218621
0.019775019153813966,-1.0,0.19218154943546617,2.1279741894930204
-0.49066184918869715,-0.11903147933944003,0.8203803000997276,0.26526356805845785
0.7009394133419395,0.32267066830210767,-1.0,-0.48823998898000454
0.3081566868600465,-0.14771774137139748,0.3850332977344393,1.1730172637897454
0.5972974908705257,1.0,-0.08897397874881241,8.246297290216303
-1.0,-0.2127712666317072,0.474161849366318,-2.645754973073956
-1.0,0.5176868645234944,-1.0,17.379333768652668
0.06551747416401521,1.0,1.0,11.946322309692896
-0.1526606883493402,0.16145242548383187,0.5778880113627864,-0.007023236055763479
-0.11997727332373787,0.040862618522011784,-1.0,-2.8956641511221615
-0.0004126378514108797,0.965074101927688,-0.27249615849499786,6.842490369504228
-0.17595730714339242,-0.9640114418759573,-0.514026584616786,1.7366047636352806
0.2143059493477364,-1.0,0.9755612570967411,-6.080985801488843
-1.0,0.06357779394782459,1.0,4.118979657514286
0.5827329366957685,0.746369680926853,-0.3232634164767776,2.2485006276718167
-0.6918550062871529,-0.7101582390513212,1.0,2.5671519784850383
-0.3663227339102859,-1.0,-0.5325374681010997,0.48628691583084793
0.12379144711409706,0.014655104753698023,0.10440112986145422,1.1092549537325924
-0.2051597488053869,1.0,-1.0,2.228029831300195
-0.624764024147207,0.4378498837648721,0.8839515333766024,0.6524133211994458
-1.0,0.26444143676888987,-1.0,15.53524551509178
0.1066426842774646,-0.7229287676409062,-0.7622346887719798,-1.2641616210352558
0.021192384929583863,1.0,0.706726933670178,9.998594462507363
0.738112535256557,-0.5604545182385765,-0.29374851596766516,0.5522490696272349
-0.5110382971731058,-0.08428092339568383,-1.0,-0.8902625625341265
0.29774261720312123,-0.3696558673655068,-1.0,-5.336663901223685
-0.10705025700178661,-0.46276394150284106,-1.0,-4.920063550421753
-0.9796180063615629,0.18239598893809927,-0.8982405878588247,7.412180114688455
1.0,-0.7757441248113841,-0.06668476966635173,1.5738911973228968
0.42064729008053203,0.012829344726485559,0.2833410727200625,0.9050235109631639
-0.21801745267469141,0.2691610450307498,-0.15968562495129857,-0.3947582927569286
0.33928763678643525,-0.2636639225241306,-1.0,-4.462169035276387
-1.0,0.31416096863129184,-0.09017693974710506,-4.5857303066988875
0.020455787028135664,-0.4344256366503003,0.5308700085107818,0.11339557528885957
-1.0,0.14721910453768383,-0.8039431046697572,3.756943188015361
0.2489669431357433,1.0,1.0,10.828268499730749
-1.0,1.0,0.8179805071196222,3.9701142037495334
0.3723819096552925,1.0,-0.11534491878133712,7.960191821235668
0.4536568188171406,0.29116515710524604,-0.5378468270748895,1.228388959649109
0.824882758986561,0.09528913013575879,1.0,5.509409837533972
-0.7729524489779909,-0.5866310569377065,0.09700594816603347,1.726471370170554
-0.3289753525342356,1.0,-0.7836832197050998,6.009192404541769
-0.07413857212885344,0.47882271421933775,-0.638954421756726,0.2680884282087955
0.90633886120654,-1.0,-0.7029401170026888,-11.998134276394826
-0.032072204401160764,0.06045997264341363,0.9415089477502421,0.09543833694009818
-0.2029587043190184,0.2760901677413319,0.9330474958473698,1.2326646431699793
0.7283486707492852,1.0,0.708076728596666,8.544070638901811
0.8659377724693533,-1.0,-0.12581431236484453,-4.487582762505347
-0.5988385663505373,1.0,1.0,16.74237820310475
0.007810181627999624,-1.0,0.01291411905765072,2.4042229910800583
-0.9824480679792411,-1.0,-0.12741116967031774,6.951750588971199
-0.04463159914228032,0.21316922732488597,0.7096603558667485,0.5253588657766992
-0.7066610344853075,-0.005428793952344746,0.32605804480217393,-0.7381987150847794
0.04117222883572236,0.8063643127151352,-0.24523571969290203,2.9554091934655515
0.9717155538416933,-0.22644354172940373,1.0,7.499227097149902
-0.606340546513052,0.4602478155642109,0.8190233944821548,-0.15287155611253048
1.0,-0.8598088460764644,0.11921125163918056,-1.0184459153605288
-1.0,-1.0,-0.2498875279663002,6.318301881234753
1.0,-1.0,-0.27942698374764174,-9.047503293987342
-0.3756436572448332,1.0,-1.0,1.3117180494519236
-0.8041711531980484,1.0,1.0,15.88655960573763
0.11690359048532839,0.6886476106733894,-0.8794865479798615,-1.0858796552356178
0.3263716445025331,1.0,-0.9123716650539311,8.645035320790395
0.07984340471934259,0.383913791879112,0.2239809350467914,0.03317625115390721
0.2661212376258695,-0.9316321619729175,-1.0,-14.760806191101345
0.5324354642963924,1.0,0.3298368059529222,5.998771462863297
-1.0,-0.33366387213427795,0.7265103848338712,0.6994919057975091
-0.7612959031945299,-0.0055420724925583364,-0.22489498124336604,-1.355137567924342
-1.0,-0.7626785062740851,0.22041527278020312,3.624328617231498
0.7664503380352785,0.5623590495892725,-0.9913968736615666,1.064662841080947
-0.726922840016692,1.0,0.8836312696083202,9.074544972191608
-0.4911792967272788,-0.09473168723545466,-1.0,-1.9504362306404772
0.02442356635503473,-1.0,-0.48928390063062244,0.10967801834976429
-0.18517338029919572,0.8044845684704096,0.04965361519972822,2.1307238501183607
-0.7217554840924996,-1.0,-0.8247623144510645,-2.3287963590036815
0.15216332090797868,-0.329830548588808,0.958825628626105,-2.0375935367074662
-0.7591943153849408,-0.012941103225601713,-0.09272334665067472,-0.9034707198081968
1.0,0.3442049554518869,-0.5504746838826866,5.591616950058675
0.7754603139420548,0.8675354883117421,-0.9120071869589612,7.252899764958263
1.0,-1.0,-0.4837309322021659,-10.358313022051677
-0.3996424122148501,-0.1931347602120883,1.0,0.4314034511207899
0.015876834387933636,0.3849963493794293,0.1385350057938488,0.34353545649707695
-0.6038579822942498,0.050372939323169774,0.24846932066491978,-0.5954543852474722
-0.6229389539841546,0.42227159400480585,1.0,2.504571462886122
-1.0,0.7497260392740384,-0.20727641451995793,0.8664932944848732
-0.8299459340669428,-1.0,1.0,7.450507409619487
0.3191099511760971,1.0,0.26072681825021604,7.889329613379335
0.1513212081011761,1.0,-1.0,4.5595581408671135
1.0,0.31431033206703907,0.5123380873273937,8.718067418567475
1.0,0.8071861328079764,-0.3194429856268928,8.557335618447455
1.0,-1.0,-0.6864073128897139,-13.790440535416822
0.3673181867003421,1.0,-1.0,5.585741416536217
1.0,0.8414346331018341,0.19844402578362752,10.252761837769624
-0.042481915824406524,-0.9353282776844267,-0.8600299970254315,-7.426740601231604
0.3569471683509322,0.9911418429847978,0.07444807574242729,7.404752909733612
-0.341782789902241,-0.33651555871100225,1.0,0.8484320307523601
-1.0,-1.0,-0.8642525262981708,2.8475512069729816
0.12875097941791713,-0.9718609181550408,-0.656651320515903,-2.706640940398498
-0.16501366279158258,-0.8157025464505918,0.11152414496244822,1.6891180913783415
-0.40411491071777084,-0.8938529907710506,0.5199585974042236,2.16497731908045
1.0,-0.9067174253797818,1.0,-4.645861618910074
-1.0,0.6073473035645545,1.0,6.407284576662008
-1.0,0.7532933767139613,1.0,10.74696705628774
0.8768842778447903,0.8526757580994377,-1.0,10.966261888541014
0.289711126693033,1.0,-0.05783759948149414,7.9825560830936855
0.815463283505292,0.9253610244294037,-0.2654995850326076,7.546199701218205
0.05703519046176053,0.48283563684481967,0.6760289853877595,1.2946961429763306
-0.5568622317587599,0.8080345378097842,-0.9199506516045062,-2.070916962950742
1.0,-0.5608323342577626,0.4352308623404113,4.0505572557416185
0.746079502870606,-0.028850823709521523,-0.16110679303847575,1.566148184764592
-1.0,-1.0,1.0,21.409237265599653
0.15768604173545997,-0.5810639747484811,1.0,-2.604925587168248
0.3843439886037019,1.0,-1.0,6.497873643057259
-0.9362613086283298,-1.0,-1.0,1.310219340300815
-1.0,-0.36065134267678833,0.2143619942497339,-2.627435243305687
0.6245157530787511,-0.8429762871594613,0.1292487013689716,0.10115774808597816
1.0,-1.0,-1.0,-29.38786062400757
-0.12012279622211808,-0.35546817408619424,-0.19960044971446456,1.1857663251917416
0.8628440168317522,-0.16232142646479963,0.03659612743863927,2.7941363399453736
-1.0,1.0,-1.0,21.869261731979687
0.30681746350976313,0.9363921444677092,0.1790916992996996,4.878535621363259
-1.0,-0.6455518647081335,-0.10046459155086862,0.9500846835794762
0.1617555528501502,1.0,-0.9442615412603101,6.982041224229495
0.16746873299669573,0.03287794650129938,-0.2905555644369129,0.8827704391245652
0.7250473087873286,-0.7383579380608698,-0.3867294225661264,0.47026052541296914
-1.0,-0.34819432434744746,1.0,5.986854411937734
-1.0,0.10504168060237018,-0.24156487810647098,-3.2606535285118703
-0.40034152423271485,1.0,0.39735033374827533,5.903118393324195
0.44462181833576175,0.37510255291301675,0.8432979412407737,1.709100766892483
-0.6947513918285542,-0.6909411657827378,0.3205261663372947,2.282948229198857
-1.0,0.561129476624225,-1.0,18.236742026306025
1.0,0.4832269191048111,0.8045676694037798,14.408984152778231
1.0,0.0958163757875683,0.12821706708999914,5.181753456822581
-0.3249962063833025,0.3388030640324049,0.20082056288232786,-1.2227635299528714
-0.2924933900871982,-0.576150223869192,-0.2816401494496914,1.1888847326959286
0.13603118845896423,1.0,0.5421573111050828,8.209139702989766
-0.7215194662482689,1.0,0.9168664549319265,11.200189378126444
1.0,-0.5779491654073299,0.7820706767715788,5.503960403791382
0.025502410170801015,0.5978885014390947,1.0,3.9488762046232067
0.8799192815537775,-0.8481055906815471,-0.26463184109160287,-1.0047704324713878
-0.12723258358400424,0.3334838326801566,0.9819605172064547,1.3059375280365333
-0.3554708910740816,0.03459465556937946,1.0,1.466364399218497
-0.0770649233489824,0.7447361501938949,0.4907427182058903,1.626792766876614
-0.3275138311179344,-1.0,1.0,-4.466547997587368
0.31596267722421745,-0.6303407822595666,-0.7977331613959857,-1.1879293643916489
-1.0,-0.6918891382447347,-1.0,5.202400820741083
1.0,-0.3601313907735313,-0.5814963118806715,5.297884922200021
-1.0,-0.18898748840963853,0.9685739963688202,4.251631271429408
1.0,-1.0,-0.20265987593882184,-8.980077191582128
-0.02896673996925614,0.6716515026672478,0.325735010906524,1.2267363392638655
0.23381775476701705,-0.19526514320408417,0.21749114224033295,1.4913482128789526
1.0,-0.2993499563774267,1.0,7.350897549075998
-1.0,-0.06987513348713836,0.6823881217988355,-1.0955505103588612
-0.6235704289813297,-0.5901629680291534,-0.7298141840837773,1.2858299466348568
0.9210612915219276,0.11470552852500537,1.0,9.778918205001334
-0.3343629186082777,-0.20012873377584883,-0.023870852412499755,0.1375401178155129
0.5169630787550024,1.0,-0.574091418218269,11.967008596162927
-0.8318891852821475,-0.09329969643805458,-1.0,4.596683570813164
0.7705012642786113,0.027813344890487146,-0.8606658849833695,2.0935400149690744
0.6616973876461492,-0.5944940850524694,0.6718695605383393,0.6257633380424564
1.0,-0.7374897825617368,0.10593973934234735,1.3802227903326787
0.3324379112273359,-0.5645159072670265,0.46552257605064096,0.228413603807039
0.10504351148192881,-0.020281236779982725,0.04275078048995562,0.866190381330826
-0.5668691958801086,0.7773633662257855,-0.3668933064879931,-0.7689368941189929
-0.2299352384466007,-0.045695471214783234,-0.8312459327024724,0.028524805498053918
-0.7933135328378003,-1.0,1.0,6.211672484604209
-0.8218976912687972,1.0,-0.3191823395064719,5.940197858150492
0.4163719846545839,-0.50734655447116,0.33642935644531224,1.4829986523426584
0.1973893127124764,-0.7373391029073517,0.43788195648175776,0.987941275969072
-0.16283451634042123,-0.11565585781238652,-0.21827376212682092,0.47755140798371387
-0.8969538157957226,0.05350867807083981,0.5769995127948646,-2.2040417619552395
-0.31700664281513724,1.0,-1.0,3.1797914589870446
0.06453647120960149,0.09938462946626236,1.0,0.014222875407071789
0.5881867755189438,-0.6662487144074007,0.5597232433036208,-0.23898481336665456
-1.0,-0.32776044681122807,-0.635904802302848,-0.7724373710397028
0.11082950720955642,-0.6375885175829121,-1.0,-7.507777423968403
-1.0,-1.0,-1.0,2.8349182299208335
0.44819643147308375,1.0,1.0,8.875290343950784
0.9208491234587379,0.44979329046252614,1.0,15.171123324502062
-0.31064282013744293,0.8109048486884851,0.9439476471718324,6.842954205953954
-0.07284075068856688,-0.5321345083603477,0.186008359505196,0.8798729957270104
0.8501330587699398,-0.5378840364023529,-1.0,-5.5672780469980205
-0.24375071379333613,-0.27029941316733397,1.0,0.7418681409770916
-0.9160325908017868,0.29463837755340627,1.0,3.852739625408371
-0.2515490479942122,0.6852833044624183,0.30338367397595545,-0.3864628933268583
1.0,1.0,-1.0,39.1065526058676
-0.10919461636181671,0.5429836505964216,-1.0,-4.175238374410241
-0.2290785546189149,-0.4818527653753748,1.0,0.2509175076608884
-0.8955610079384089,-0.16388587343010896,1.0,4.309636579461983
1.0,1.0,0.7915016980083087,18.201770251692615
-0.36940526442422916,-0.3180404671894066,-0.8969550645446942,-0.4701549410838715
0.033920293123111955,0.06376556034110692,-0.43134397182509043,1.5343140805531374
0.35186649085618726,0.007816777029232558,-0.9749209803581411,-2.4938297090535344
-0.4296377341464117,-1.0,-0.06873527703949911,3.441486149713713
1.0,0.014044259987376906,0.004608712363858514,4.5546785243999475
-1.0,-0.5604633749817518,-0.806053792851811,2.186052194671809
0.024243691827169123,-0.13369965841701692,0.3040806062053494,-0.30197848898875645
-1.0,0.016061664321925573,0.7512640373748416,-2.8784469289686
-0.41998570935465707,1.0,-0.30679598997367497,6.762854950973404
-0.316852768584966,0.12385396934442405,0.610529564739356,0.14904134463327856
-1.0,-0.6418626338908451,-0.14289869211109107,0.41284341377034317
-0.0422107537136458,-0.07413342174993165,-0.9443574973075528,-2.1893796109409176
-0.40289167534726,-0.8659999216522598,-0.09228059628386087,1.969603495078915
0.13491785153169555,-0.20742254432707763,-0.23211840622753632,0.9504585640243769
-0.32078477350622614,-0.09355951420037112,-0.7763176170465171,0.24410814815097476
0.4619647204411521,0.24355030522391674,0.21444218785226665,1.318737619487571
-0.8916206067694616,0.21577942391395233,0.5954656920461412,-2.5768861438307873
0.5761745371498923,0.8300295727693621,0.06122149090001039,2.760201577510912
0.284639967066427,-1.0,-0.266581133113001,0.5544061591421061
1.0,1.0,-0.9759275997088266,37.69865992039329
-1.0,-0.7479582292091711,-0.5523634703169193,2.329253499491719
0.4527429114707411,-0.7814050348346333,0.5276513914111316,1.1060240193121496
-0.9732936358230804,-0.8098103546339033,1.0,14.761069807202656
-1.0,-0.38825807271708346,-0.8803999214454861,2.4321936556879797
0.5587160466224872,-1.0,-0.3791794017506933,-1.971617546120311
-0.7129902979074505,0.4370488477347634,-0.10812736326901273,-2.7383432543824275
-0.08236610676592582,0.6787437551105939,-1.0,-4.227847517622026
-0.9233973078922877,-0.5555065811932636,1.0,7.698968032166137
-0.4789282538029733,-0.6788778108980751,-1.0,-4.802262287600791
-0.06590733001453541,0.5513439653125001,-1.0,-2.949880251384444
-0.5658619358369723,-0.37631699601356994,-1.0,-1.6035143862179244
-1.0,-0.3218116483729032,-0.9595234974309554,5.699641749320314
1.0,0.8442047538214674,0.18754255283850596,9.364323964012053
1.0,0.3011408934463773,1.0,18.169432866149688
-0.08687409235351118,-0.025010213922516566,0.6531289448635389,0.21556025132216253
0.43516969284873075,0.23891511123435483,0.6885084223586879,1.2908179987788855
0.5138922207472161,0.5990153404330065,0.3222724788940696,1.7467514868946528
0.47434347510955543,-0.03187410313606187,-0.7474167795079394,1.583589024105692
-0.43456513379497586,0.7884415805811862,-0.3698323732827755,0.28259042357153785
-0.17608911855681142,-0.870265765390839,-0.25584542131014487,1.896558859969352
-1.0,1.0,-0.9320539725543564,17.564282455946444
0.01524721872841095,0.40889660308197406,0.7071398282914347,0.440358220782715
-1.0,-1.0,-0.3303670637622047,5.724063291946143
-1.0,-0.6798560445293294,0.13630088499156767,1.8119541963375316
-0.5370207630248607,0.8723206999581374,-0.6800773433459664,-0.2607545427718634
0.7293038245484773,-0.004700876014658739,-1.0,-0.4692339603752228
1.0,0.06709682012266116,1.0,13.799905682061125
-1.0,-0.119003669893196,0.7966389565328442,-0.5356609422371521
-0.6641442875675925,0.37329253183490985,1.0,3.2306944514785285
-0.6094295244637167,-0.9059939972972413,1.0,0.7820290103824625
1.0,1.0,1.0,26.107288363196254
1.0,-0.36948395354564667,1.0,7.6417406662382525
1.0,-0.30478849105610895,0.6995070531679937,5.850632119207929
-0.08221894415616537,1.0,0.43981736382686165,6.900179388379171
1.0,0.34095926640300855,1.0,19.306049302387404
-0.0072479239935052675,1.0,-0.3466160462277521,9.271997116950573
-1.0,0.9581066132694698,0.17525936638956274,4.33084403012513
1.0,0.030969243450948536,-0.48138918405486786,4.053023414120281
-1.0,-0.00532966412265945,-0.6092382278708326,-1.88301582716094
-0.46996119879618803,0.9314790155177182,-1.0,-2.3523082828913147
0.04908166543860637,0.6743646244648449,1.0,5.981160973060719
0.06409752569876526,0.11814754488818857,-0.5368369867291167,1.509858368296044
-0.4716741585862929,1.0,1.0,16.67681502555195
1.0,0.3162947047433764,0.6757127091120498,10.138758655540382
-0.885571563152368,-0.6879511017513089,-0.8103321162777051,3.087119845347436
0.4666424408917835,1.0,1.0,9.346381202892324
-0.9309439602870655,-0.5894797821612554,-0.545380369934841,1.5057403354895478
1.0,-0.18732232998885134,-0.4429838712196319,5.151439070869806
0.6564474087276062,-0.10258051867382623,-0.3584710108510214,2.042891360802232
-0.894226744929062,-1.0,-1.0,0.21856823961023963
1.0,-0.9597484307974211,-0.05271586006582374,-5.451942287188961
-0.5994361426266961,-0.6170999508084474,-0.4688012585582062,1.8805764361143618
-0.06584777578570611,1.0,0.8230058724939211,9.832388276849107
0.2940930207173058,-0.03528035546315156,0.8790584461915905,-0.5311986408168969
1.0,-1.0,0.8732287713634221,-6.876468374862481
-0.7160732952329516,-0.47571412795746726,0.8904958465006501,2.48286477535904
1.0,-1.0,0.7404857037970307,-6.234912506886561
0.18298727429325656,0.7517797562602793,0.20299249930791285,1.9683530138267555
-0.8210228744335752,0.4970961728347172,0.37295508561648827,-3.586133643959088
-0.2243626687341329,-1.0,-0.6443556181964329,-2.239563594164935
-0.8923157033617353,-0.43035564385307157,-0.12747887571603056,-1.3820262056569745
1.0,-1.0,0.2194636393551932,-7.7082912002970785
-1.0,-0.9417236869791938,-1.0,4.440475042885983
-0.0337151770762949,-0.030053740511299942,-0.8858150576466408,-0.22771628610169348
-0.20148251430102304,-0.3956017445914415,1.0,-0.6660204991912747
0.2323993502310886,1.0,-0.2258137092347967,9.751910955245098
-0.8362616595632704,-0.24788860123852774,-0.009045781487130533,-0.5755915029262946
0.09497557621860642,-0.1929322656012864,-1.0,-3.7970995689880187
0.11389381516202524,0.5131541477816737,-0.6197159042146527,0.21342798232775365
0.40038191396018785,0.22376956585480579,0.3605468208854521,0.7628720775345652
-1.0,-0.3488897277334191,-0.7826576159169691,1.715616063449061
-0.020702763907192834,-0.4029701543867339,0.270877951334324,1.1444372739349753
0.018769380601317387,0.646818405082298,-0.1952361813522845,-0.2654502727620526
-0.4539014235899612,0.1520657587188048,-0.9516503829379825,-0.874945679071595
0.47338324471621407,0.2389172652756273,0.0728569738987288,1.8933441406423233
0.9608941281524677,0.5921111491044577,-0.08187182119255998,4.341407345068318
0.28371771931628276,-0.9637417731870304,0.038186914182501086,1.560294288003933
-0.04093010294237165,-0.19995987651266112,1.0,-0.5175663363625107
-0.6900395321317032,-0.07891134381399811,0.3473044425507297,-0.14186132019524522
-0.358385396624886,-0.5270591175682491,-0.5760932866674346,0.5303262453191341
-0.03955949841795747,0.816563773433808,-0.4994790071385269,2.010226464307265
1.0,-0.697080258562577,1.0,1.7480021078297034
0.5304811307924255,1.0,0.31518100373069613,7.147538910230951
-1.0,-1.0,-0.32847735959012647,6.090203875607613
0.6396719367962238,-1.0,1.0,-6.59429100384097
0.07186147418921074,0.4683943386735523,-0.04408645346824369,0.6478838501796168
-0.5854949801891229,-0.22589282870032346,0.2406202276900613,-0.2966845464458052
0.16173354897221737,0.7814399135490264,1.0,5.861654859534189
-0.1721497532350884,-0.3885220305013217,0.352121208360745,0.13975386430063125
0.42750070408595353,-0.056009128605922553,0.6432743211460121,1.0383123141801605
0.3982522368104031,0.26897059245931,0.6872059803044086,0.32853372884489773
1.0,-0.38831002848119867,-1.0,3.4818854282150893
-1.0,0.4309202252930606,0.6569588703747862,-3.6635171581388444
0.17915284868984216,-0.9806769275149594,0.4941850197096984,0.8094881402846915
-0.9633532976876589,1.0,-0.43484867500388935,9.620092722751322
0.37209100082470026,0.4245687653082977,-0.14763510736765006,1.6088096354160344
-0.26348387369481285,-0.26531602367901796,-1.0,-3.000969273168569
-0.3611547291154267,-0.28440467737991093,-0.6067352900677143,0.1769931296710957
1.0,-0.41891844597368855,0.6800143446561953,5.920660550768686
0.9973662825053786,-0.7504268494775643,0.3853989155453279,1.597801007832494
0.0566390472988314,1.0,-0.9571640405984938,7.031820625847681
0.07275155059181615,-0.614218570978567,0.11050757697768576,1.081160944203213
0.40691259470214747,-0.24959874481912658,-0.42715066597370765,1.346500954535721
-0.6244192330167955,-1.0,1.0,-0.8044394418465066
0.6273243031525786,-0.7477834192760942,0.4207489117255181,0.7442542197007672
-0.45565154246383277,-0.28247712828724625,0.6673340604194409,0.15450298290982148
0.6862903767733,-0.3523410424448026,-1.0,-4.761286519815677
0.014718348909927625,-0.1050038733565013,-0.07827601857241251,1.0497954592048493
0.056306421542611895,0.09175498882190603,-0.27991234703368195,0.8378261106924406
-1.0,0.15755364453360232,-0.06324517787607897,-4.642963836802519
1.0,-0.33765194111834385,1.0,8.011977006614392
0.1442024676572673,-0.030931438050960214,-0.06647741788514216,0.4304169225508043
-0.2473306049607389,0.9124703993867751,-1.0,-2.3107129445467893
-0.3360397589678872,-0.7316042954808022,0.5544839894193272,1.373580033269798
-0.28166251490304717,0.2439324704370771,-0.41221439017596717,-0.5587420091703166
1.0,-0.03572044281017295,-1.0,8.16503370259434
-0.7274562717556419,0.4797370375276464,0.2387359816206367,-2.6157865297201077
-0.4295487672326699,-0.5478693419045182,-0.47359624197682293,0.9692700301802174
1.0,0.164049553558695,0.5743627809104708,8.707074272755039
-0.6219968876782411,0.400378568277433,0.9772407994663794,4.013369946293781
1.0,-0.12933731085322875,1.0,10.159545727867432
-0.3672474744220804,-0.05781304429134804,-0.6490692941712786,0.12700716824216032
-0.35512870375004724,-0.014250695410910064,0.34107950670006804,0.721015666890593
1.0,-0.5143861915791326,0.06592088457842071,3.297019204883854
1.0,1.0,0.42938958812689965,12.683436340965217
-1.0,0.0815120888208496,0.27384701459672733,-5.022472666897044
1.0,-0.45006718680137725,0.015681594539208588,4.093093989473408
1.0,-0.03461216410005408,0.4053384174768946,6.145998811838102
0.6934288277610996,1.0,-0.1221774124272561,9.2398055700169
0.2126749506482355,1.0,-0.09547321695874067,8.350203733106985
0.9887697998454112,1.0,0.45706377875785953,13.520999638384207
-1.0,1.0,-0.5936055476348485,12.119978670896973
-0.4645107138771618,0.6303065258032325,0.7110528597158343,0.3021309435231949
-0.6844107797109273,-1.0,0.45195478393486077,4.8812510571974395
-0.11786745357405004,-0.3164645461029103,-0.10546450917842742,1.4967771155362617
-1.0,-0.29526276719010003,-0.6372877148957445,-0.3078315511651171
1.0,-0.1609115636319074,-1.0,6.614494320453585
0.6889402593842286,-1.0,0.8179015142012558,-2.7769446951343126
-0.29388020182963515,0.12973203793446575,1.0,1.0027034636069834
1.0,0.8890452275356182,-0.3641356559500841,11.523862798172077
0.230408159479345,1.0,0.5594145337334717,7.062933692080795
0.9436261093325764,-1.0,-0.37717529346668544,-7.354029879075303
-0.551632925551399,1.0,-0.7498972863392084,3.1029896799573935
-0.7523731222770891,-0.6189299028124671,0.2190556288161114,2.103107498699001
1.0,0.1472404555580462,-0.9486252494165912,9.272637528113505
1.0,-0.26259972012426624,-0.23284326042859882,3.308323661755457
0.49763106724801665,0.16073217116767857,0.03985665659356297,0.5072538892289814
-0.12417953581840147,-1.0,-0.14559081172937427,2.46941854525424
-0.11059431805464048,0.9850920229495441,-0.6370440876294978,8.00991777039678
-0.4826512736154096,0.2888619994924022,0.5320069096943145,-0.9255497574665739
0.32639516907947286,-0.740416424013987,0.15602649848237737,1.4499199851870033
-0.10093253053599849,-1.0,-1.0,-16.13119284166624
1.0,0.6250306283822,0.1998182006718492,7.829575841708436
-0.9716265418915522,1.0,0.3585528703465315,2.928649248794176
0.7462371845830156,-0.9704438644119016,0.6082256858865163,-2.69160315061135
0.6368098430964677,1.0,-0.4798737653386975,11.46907124362711
-0.11070001079358649,0.07126913081696062,-0.547094212577123,0.6286954464219927
0.22609540555582308,0.7177521690951034,-0.051255431458108625,1.9768991212327904
-1.0,0.8561730042497382,1.0,12.797033296242875
-0.37864931737500784,-0.6221827536038504,0.5517402853842746,0.9868759633973487
-0.2129368090619348,0.32539933019362133,-0.0681783624406056,0.3038488586854746
0.716115242519084,0.2852786115376027,1.0,4.541602467276528
-0.020253371952176913,-0.041282610986574486,0.9278400498349288,-0.459807697737572
0.040660288962209634,1.0,1.0,12.435046766189352
-0.17213092808482,-1.0,0.8580769579179115,-2.691786006653699
-0.31981585312880356,0.7306633404840295,1.0,7.122721209587772
0.6986043028303184,-0.0921799284594833,0.05602230931727914,1.2856811775788066
-0.47283747301775336,0.5919109986325466,0.36181356981710056,-0.9188389528591598
0.4304843732963868,0.5874251017131797,1.0,4.170747700200964
0.009178194892518698,-0.7959107617374175,-1.0,-10.108969860880414
-1.0,-1.0,-0.84843730239063,2.086662263929684
-0.7532860601029017,1.0,0.8649987569829312,8.845097567002023
0.8740965027905956,0.3345459329762246,1.0,12.08602024934783
-1.0,-0.642812761793573,1.0,12.799373402680132
-0.7128497560317908,-0.981786271645134,0.5283979607104752,5.1011956135181435
-0.4824473742132802,1.0,0.16991587283798237,5.448805199486231
0.9526579590429769,0.6857837067692019,0.5882100327889455,10.202231130616047
-1.0,-0.15477448892035772,0.35064826856828146,-3.356804899037203
-0.31637844439332463,-0.060202987139026165,1.0,0.7720613152164809
-0.5332674559451558,-0.15980857060140763,0.45656144358371664,-0.4054286175638522
-0.3342766562472057,0.2792389680093521,-0.41647241726886186,-0.7241304464810847
-0.633117491213586,0.049924915222568256,-0.31705472981371985,-1.035768702952856
0.3146673020750195,0.9495399849607793,-0.11440994948947725,6.798782487204243
-0.06596371801707268,0.5126231766280969,-0.891120666588564,-1.750782359247408
0.20268425478856678,1.0,-1.0,4.612949297000879
-0.4296776751705329,-1.0,0.08594261928592584,3.783996451058165
-0.874191870616972,-0.6050123384860875,-0.3802984583889304,1.576585292818256
0.8143974560217124,-0.4564825556673895,1.0,-0.3369128405521476
-0.679317454360848,-0.46857195494598414,0.7943183461426184,1.0445516060856197
-0.29847482387709356,1.0,-0.5509898649267628,6.955985788328762
-1.0,-0.4301063890868173,0.6961061941166993,0.9710235761377378
-0.034467566736012145,0.5327888117710495,0.0018759540368982197,-0.09323317524427802
-0.3616205267398953,0.8105143371371846,-0.8799687700543353,-2.4878051827058556
-0.10087377279468912,0.25820788749186785,0.16842235092530378,-0.11604458270403893
0.29641965664776504,-1.0,0.7260099706309417,-1.649198924168182
-0.2688681529886625,-0.907721106130716,0.8897487882954724,-0.9476242501556383
0.16924580187888272,1.0,-1.0,4.140879615838536
0.8145755000099666,-0.8976987001310908,-0.23301633300074487,-1.3416232741379748
-1.0,1.0,-1.0,21.593900512145392
0.6548895043755034,-0.054543774632766384,-0.39115089151521776,1.2328781755747367
-0.4745175870186038,0.28912674439719144,1.0,2.040678817156218
-1.0,-0.9219083724528614,0.21987757203240688,8.24548605150082
-0.5273287441528296,-0.3377540509952057,-0.8362580531507107,-0.20762657311379243
-1.0,0.4530300679908956,0.36269021907823396,-5.107967023022294
-0.2602390863988868,0.5696161874609587,0.6427233225726672,0.7788706716299632
-0.3004432599261162,-1.0,-1.0,-15.223884520986184
-0.26364772154752436,-0.5671418307137055,0.9244977615658874,-0.5070621537639479
-0.6591099965883249,-1.0,1.0,0.8570951824687647
0.821739544989915,0.34432231827145454,-0.8980610444171919,2.779848547877555
1.0,0.5495153776624604,-0.02589260885620792,6.645098075647852
-0.8305795858538447,0.008454056197229498,-0.7464751956982671,1.6523052191884446
-0.2234022672744429,1.0,-1.0,1.7507353770343905
1.0,-0.8178778571873115,-0.016160116096420207,1.0598717337338641
-1.0,-0.16550317899560385,-0.1089546561283834,-3.6194304768227425
-1.0,1.0,0.12150568515315241,6.539778642320691
-1.0,-0.2652553319715367,0.12310726748224954,-3.516037810613092
-1.0,0.7222110880446282,0.7459421237003141,-1.5457014098484976
-0.33643655528555305,-1.0,-0.04024782991560749,3.40665359491457
0.7579824306053653,0.8795944198588379,-1.0,5.454559829322136
-1.0,0.9376400134833363,-1.0,20.867498828888774
-0.3192082382811676,0.9386447104015352,1.0,13.027586718591674
0.15778762441653105,-1.0,1.0,-7.0615621975711615
0.6715818364001287,1.0,0.8181821411603956,9.528294473684108
-0.4165095591614705,0.24402679043250508,0.31925102801448246,-1.5094482171132912
0.10928009816408402,0.5157251881554632,-0.5450036583297859,0.087531502980571
-0.7964378140532353,-0.9061280157565124,0.7246709402522304,6.0230539746054
0.8775965246182005,-0.5148390846565372,0.40669698305894175,1.9693910861589705
-0.5647976573506281,-1.0,-1.0,-10.199178029310325
1.0,0.0550790839692159,1.0,13.47096551473242
0.37102142974825547,-0.6329667059501973,0.36738279521805883,0.12678912394535002
0.10013753926295021,-0.7171359410641358,-1.0,-9.105790882015123
-1.0,0.45810693456787455,-0.8551476231002271,7.932825542691857
-0.43514227088868385,-0.1967149119334417,0.08488464301202692,-0.720914156564676
-0.31660967416261254,-0.21617709819172304,0.841498250422311,0.3019174059712419
1.0,0.7716384486674508,0.6090804895297031,12.555079947158243
1.0,-0.3774093574859343,-0.039608227622918823,4.15839554323966
0.931455050411361,-0.7081592430755053,-1.0,-6.7196820097015095
-0.3937407208261252,-0.2799199300635413,0.6732557118000189,-0.4751875443533095
-0.2157999584138499,1.0,-1.0,2.120437688297135
0.8271214580886359,0.08412295070547615,0.8675921558725666,4.664462751836456
0.4910070660072803,0.6159929083902529,0.7121227398496959,2.6157049186834174
-0.5803743914119082,-0.8177947844684752,-1.0,-5.3827661140731875
-0.45872817981693137,0.9763729012485651,-0.315186884143696,5.172455881065055
0.7150905981184903,1.0,-0.4947208353045729,12.218961351210892
0.6703749173185156,-0.596753456586834,0.7066174064672763,0.9269855238978428
0.3329493744984309,-1.0,0.35438711341715035,1.267384114867558
-0.17511864298129876,0.30298974566172654,-0.1553034332085228,-0.45817794297740955
1.0,0.03616485804490566,1.0,13.485748396629797
1.0,-0.15090223315482665,0.10864370597226691,5.309289113235909
-1.0,0.14694614278233664,0.42410083354465633,-4.798059906459143
1.0,0.9403491317208326,0.8222301632633799,18.29739880586934
-0.310483008935857,-1.0,0.880035281093301,-1.9530269029034986
-1.0,-0.1754301424885023,-0.8189133103360875,2.1285406050999742
0.17275283765186855,1.0,-0.7256593013615844,10.842981148056733
-0.5885382663597605,0.530123406838702,0.22874582788471187,-2.439940124868948
-0.40863194910401,-0.11287707409030157,0.1945339971306188,0.6693900860862405
1.0,0.19915421306107084,-0.4460423259312227,4.482366339194389
0.5220708792996771,-0.07225976020192126,0.2163707525288745,1.3014046906018009
-0.5423429722932802,-0.38075235321251477,0.8268000156986015,0.2575318721768183
1.0,-0.38139330080121603,-0.903364826319818,5.294027186846412
-1.0,0.05455829830387571,-0.17247639083852473,-3.7451273655734734
1.0,1.0,0.7169917529991656,15.965632993070935
-0.16303333594109404,0.19030724705021984,0.21396335412996237,0.43272872126742
0.28616314633311646,-1.0,0.2919839818713068,1.0608471033942284
-0.16302818519680184,0.6031302464082713,-0.9621852069063355,-3.763315131990948
0.004987631914680879,0.03896768688839036,-0.5308902445331429,0.3899215938828494
1.0,0.30515305489650335,0.8277892213431552,13.48169034938274
-0.7250723562139114,0.003247206434098704,-0.3760286675772717,-0.4908847925722316
-1.0,0.22129459300643517,-1.0,13.956329902513978
0.024293905934807958,-1.0,0.44626574702985033,0.9528170562253805
0.5386452205591601,-0.2074268145962237,1.0,-2.3340853016124896
-0.43067218874803337,-0.22504053459812678,-0.8111213638921158,0.20734186190199766
-1.0,-0.5794313629135779,-1.0,6.496219057275748
0.2938664449146906,1.0,-1.0,4.833789002829996
-1.0,1.0,-1.0,21.152252983701413
0.6697471887060358,1.0,-0.7201964251200581,13.879495957986181
-0.4134735899664206,0.26087838152095255,-0.17550561894888528,-0.893247030207749
-0.5765226586359051,0.5414441833517254,0.5726820191052837,-1.1915044692602785
0.4379241828567244,0.7796243185434999,-1.0,-1.7168450104997974
-0.5611954000134538,-0.0011260398454786547,-0.3661093454951245,0.4767315130331043
0.24845007594383595,0.2939183465750306,-0.5894915090563531,0.8088303761840548
0.3327544375589553,0.31113393636048015,-1.0,-3.7177479697367257
-0.05322397960021519,-1.0,0.6037080807656396,-0.05438361325160007
-0.7966787987983193,-0.01854351785291608,-1.0,4.767273136466419
0.9567818360445484,-0.3285732195104005,1.0,5.510993604109872
1.0,0.06606025787383563,0.36240534118134793,6.3142724728799156
0.25366366920072947,0.4001311394605076,-0.701269909722638,0.7992828905662035
-0.08624311747963387,-0.48681372173294557,0.21714763130578763,-0.05521382592588164
-0.15923576113664906,-1.0,-0.42808512854509706,1.3331226254053599
-0.0574481650317713,-1.0,1.0,-7.031160219346382
1.0,0.08118470307050996,-0.3825250872211565,4.883547617900717
0.8113602946667917,-0.6424031578074114,-0.7061494890088693,0.905701830441842
0.2492105235272417,0.7409761069558753,-0.9761061089806655,-2.706230955609424
1.0,-0.19672389968583492,-1.0,5.824029494861117
1.0,-0.49047466023916875,0.6294718360461198,4.76798333393775
0.934691508808015,-0.9032565518180029,-1.0,-16.331341407423235
0.09911085656569818,0.6382193809874255,0.9972173085279872,4.56832188947999
-0.002560168908299243,-0.08338965936313159,-1.0,-3.0315360255254817
0.2928447597009143,-0.7697517301724273,1.0,-3.7010357614878044
-0.22059199806395213,0.7014637047607268,0.23183954753281721,1.3157592177630304
0.5118444610795168,0.4728039722219197,0.8129090660761087,1.9879757029099059
0.8630767331613827,1.0,-0.5832582762922498,17.093463516250853
0.41787094686951654,1.0,1.0,9.910312766745152
-0.20388221570193088,0.9433602195746273,0.988411710861018,11.745518765763226
0.4036543574566027,-1.0,0.3094256652330387,0.5296943765971021
0.35911776961969055,-0.5060107158657703,-0.9559962682792713,-3.8393904969568275
0.1641959986822885,-0.31201813222599695,0.1273176391595987,1.1645523828999333
-1.0,-0.5250144122669564,-1.0,6.4199064880794525
0.6037749666399594,0.6803314976097714,0.3445367829511765,1.9255808735923783
0.14767508320750555,1.0,0.3801327071095084,7.637293991321828
-0.053853997498470196,-0.591244036241094,1.0,-0.9618533476645135
-0.6091422265266206,-1.0,-1.0,-9.334282322668766
0.797963580736847,-0.4872698211243145,1.0,-1.1426275523070646
-0.278191002112812,-0.49660262842659386,-0.08840202370282735,0.7150195257678201
0.8065170680485709,-1.0,0.315221345676983,-3.2995137367152028
0.8904626734039802,-0.1499469498388215,0.4300829154695094,4.309442305472289
-1.0,1.0,1.0,18.196076129844833
-0.43380939015879294,-0.015626757059678198,-0.5213227162629339,0.09310089689687778
0.6396637020011653,1.0,1.0,10.52959104693924
0.1870871059003889,-0.8367359433020878,0.32530741810389485,1.1709240513889458
-0.139115780972225,-0.29566819493569496,0.9463728606912176,0.04172499189392026
0.4078857389636821,-0.5677711113938027,-0.623056760868701,1.121407857478109
0.16914831106950845,-1.0,0.9174323543674483,-5.075190943666114
0.06383051800044481,0.16354467755404034,-0.09052901133418145,1.0635503798717736
0.08744127990339456,-0.28970200306775595,0.9088356984232167,-0.8517608745214401
0.8724837915694896,0.3690482178421868,1.0,12.004169192260179
-0.16442467660468663,0.11799210073718402,-0.4118815766273074,0.13356513570656572
1.0,0.1387110473519373,0.47351372708060224,7.229133015546326
1.0,-1.0,-0.5157507330484403,-11.177839433762495
-0.215004266296986,-0.08434637262491074,-0.4851718602778883,0.6950393294193744
0.13945454152892212,-0.11022108743260928,-0.1296911843169506,0.8151135892375918
-1.0,-0.8174814902711729,-0.3781428598622494,3.607852239762929
0.5282358933530658,-1.0,1.0,-7.550532054234589
1.0,-1.0,1.0,-10.084253475363475
0.18362471938688119,0.23113154567497585,-1.0,-3.5303820369205234
0.060317086348519844,-1.0,-1.0,-17.921232672231515
0.9048666087861987,0.7998239900079922,-0.1261889668451568,5.990022316940094
1.0,1.0,-0.6860482132520758,25.07868213303208
0.6578517659829499,0.18401600501658777,0.3029700585050368,2.0467282102361675
-0.7590619478822371,1.0,-0.7468913109400834,3.2394217131669145
1.0,-0.5436059698091695,-0.3486132146275829,3.422274225542768
0.38015547541240724,-0.9606281644240677,0.7111592097383799,-0.32370289949353825
-0.27067946114094554,-0.8459259559195063,1.0,-2.4980086680914924
0.39686215474429565,0.22231626680991678,0.015119287401128556,1.0779231439391819
1.0,-0.054966087817536646,0.9269777487832331,10.503137285235363
-1.0,-1.0,0.19625163834566317,9.319955966566893
-1.0,-0.5899034146634969,-0.3666237189110897,0.23256986104253757
-0.7317947460504821,-0.5890634875002789,0.7269176633641383,2.5671981270772832
0.2423969149497267,1.0,-0.20786999087114588,8.938153876584908
-0.25111685508242143,-0.07855816433513474,-0.41816283297266943,0.5992137846428331
1.0,0.4787920488253594,0.22594857536387436,6.672886157362576
1.0,-0.8966408617587172,-0.4987682989128541,-1.8846587559216028
-1.0,0.9977724049447239,0.11592428268394572,6.624184485455058
-0.12577460955655795,0.6260571598890343,0.9360537577773145,2.762690948981323
0.24192614357260367,-0.23902070569492517,0.6374950869915244,0.6046802800249935
0.040209081092104526,0.34657786059726825,0.4589311792884765,0.5690376758692464
-1.0,0.9855022180695232,0.40047757704798226,2.259111679320037
-0.5102806914952009,1.0,0.5966854857361144,7.483802468239819
-0.29389532399625296,-0.016304149638588283,-0.669122805703992,-0.020852219133020156
-1.0,1.0,0.24349819965760755,4.822358448896385
-0.4241844192623856,-0.0016391988789363765,0.20480238718369947,-0.6828081751090767
0.4736389613194194,0.27891290082395814,0.1204935117358168,0.21831671082196769
1.0,-0.37999410291710567,0.8557024240741256,7.074594130085335
-1.0,-0.07050622427894404,0.41793170681896474,-3.6984993047080126
0.6807617276355085,1.0,1.0,12.253026384002446
-0.039582084258247496,1.0,-0.2920049830296345,8.634224821639801
1.0,-0.3698292849746301,-0.476660938136495,3.302639984404901
-0.19235870306210368,-0.8036245594724976,-0.36785344761963046,2.168715264321988
-0.19832618846480687,0.1600896279621351,-0.2286479729846358,-0.7020545990155226
-1.0,0.49091930708231235,-0.9174596923419811,11.664993143463184
0.5196888584716013,-0.4645926186501399,0.39959020036965986,1.6029113328863875
-1.0,-1.0,-1.0,2.9366236036297417
-1.0,0.4505918013776502,0.26395692949794825,-4.494938708026199
0.7329615715764735,-0.24359829762298313,-0.18005156126637267,1.3355532124663296
-1.0,-0.4777307534427455,-0.4309198595994719,-1.2840898917097325
-0.29368894057449224,-0.35350262383556563,-0.4874746761315736,0.4757553833440276
-0.5854842322605511,-0.9304582233272181,-0.3627484355817352,2.863224580500665
0.21427305123946683,-0.9124872904594372,-1.0,-13.359140026235275
-1.0,-0.26410396436613004,-1.0,7.6913846708885165
0.00199733761776022,-0.4141317927123558,-0.13662500806813505,1.2142734413004197
-1.0,-1.0,1.0,21.738836811785955
0.5408173547690411,0.828549769426939,0.3362791913293073,2.9715310870617353
1.0,1.0,-0.40559552472416205,18.701115066045713
1.0,0.32123697631808046,-0.06305045727722969,4.9026328722458095
0.2913366073051089,-1.0,0.9925526113893839,-6.8955349323870765
0.25465016794200146,-0.5510110408420865,0.015195266694325804,1.8965100033577897
-1.0,0.8538018094923709,0.15575589092487574,0.50487766387332
-1.0,0.45268804944102015,1.0,4.940336540889164
0.9889501950380235,-1.0,-1.0,-29.543934511938268
-0.27787434126451305,-0.03338660572872221,0.5855113030693297,-0.3653005135191214
0.2489236262920631,0.5281097968387736,0.05765601174354207,0.7264924575856658
1.0,0.6635610776979879,-0.08908748948513168,7.311698008066864
-0.6566998049235275,0.033567542239371084,1.0,1.571926092851514
1.0,1.0,0.03627657794970007,14.45170082758834
-1.0,-0.9903446114733772,-0.3203673996469667,5.939372938708552
0.04675453316118716,-0.11663936374372863,-0.5145969837929176,0.1686240848631535
-0.7645708375957403,0.6825265479300273,1.0,6.915938538504228
0.07527078094975548,-1.0,-0.5443813182074393,-1.7034494805117943
-1.0,1.0,0.4010722166911538,2.0763594049640868
-0.05285425832547164,-1.0,-1.0,-16.75170712194275
1.0,-0.14452543315473165,0.47552358682200824,6.026574780638503
-0.12499895210210554,0.3184127538167931,0.16848721320746574,0.4640177351103945
-0.7686332049987104,-0.349093942510988,-0.9261570173864664,2.225936570782788
-1.0,0.8758600112828077,-1.0,20.951658415963575
0.6174889892518487,-1.0,-0.6734122662255335,-7.104281760808194
0.03142956379355821,-1.0,-1.0,-16.86047287863324
0.646895330828489,0.1140373123994296,0.24826385003219764,1.3049821452527592
-0.4206795337563636,-0.4526018891461052,1.0,0.7117567130806792
0.7685174703684925,-1.0,-1.0,-26.479809240097865
0.9293917506819809,0.21399562119304405,-0.31229635308840265,3.4113136128134034
-1.0,0.4665142211354567,0.7831815564837874,-3.423733444777703
0.3727743021411225,1.0,-1.0,5.383120408467934
-0.2638098364342605,-0.073215770587443,1.0,0.5312517441713646
-1.0,0.42370868590966704,1.0,4.771051792979574
1.0,0.2756980766171162,-1.0,10.113353165225353
-1.0,0.9860873652557478,0.30521119469177416,2.5115924545943935
1.0,1.0,-0.5357619871518722,21.799392775315965
0.5452549347738582,-0.23389438417638475,0.31652796755558854,0.9651113795476877
-1.0,1.0,1.0,17.30066656447642
0.2769514691889856,0.0087846621533485,0.3616222325102645,1.0602821307261567
0.37548979233867197,-0.4572865012937102,0.8149790684302736,-0.8003305805766427
1.0,-0.8522964313821886,0.09513998341588925,-0.7639055690218055
-0.5561893531365247,0.05902085453023198,0.23796195566211908,-0.7771609045245651
0.482792551889885,0.03471759047370693,1.0,-0.19287578738509997
0.1317427673887399,-0.5494372430650305,0.24799265332960552,0.5434101265768394
0.4441174803509076,0.5972596051487615,-0.023917919690025657,0.976548711078036
-1.0,-0.21571582994491734,-0.007780954230292458,-3.911280459172592
-0.7042860891997926,0.17328055862942993,-0.8731263979600652,1.3948428893522784
-1.0,-0.02939156820916633,-0.04509620377459167,-3.9982506805041638
0.015009236116881652,1.0,-0.9267640161224069,6.127236321815814
-1.0,-1.0,-0.9200404843746062,2.02525451781366
-1.0,1.0,0.08794202896226655,6.948940404446179
0.4614478754968121,-0.595172484816384,-0.18895532123532055,0.9332758298261936
0.8984036331241736,0.3586691953268373,-0.7892941028586034,4.205173035310584
-1.0,0.6389091745113058,-1.0,19.170208128531243
-0.41749085716744117,-1.0,-0.5992823923329296,-0.7684556226787433
-1.0,-0.37304121255789413,1.0,6.974435665304971
-0.3652954577001335,0.2647865813406174,-0.19105224892184558,-0.3394123399041986
0.7230726971320804,-1.0,-0.843630157104253,-15.111017235898622
1.0,0.34691381369307206,-0.5877507467568581,5.670955153000653
1.0,-0.5280573591533113,1.0,5.783722925613533
0.5408375022435112,1.0,-0.29697565386851665,9.981221511173455
1.0,-0.47309308846711495,0.6078735212138608,5.709231691485919
0.7283920906619124,0.718211903075463,0.28996771920291153,3.5689463188070523
-1.0,0.5358942869712897,-1.0,17.520528589687082
0.6947503001307529,1.0,0.5937877486524468,8.486231387101926
-0.8146330628907854,-0.833583451771633,1.0,6.830855989927119
0.3523165785106315,1.0,-0.6207619344838069,11.171935377131007
-0.8186043442963364,-1.0,-0.1076494859985706,6.582621052428794
-0.4920411585196418,-0.049467743279746124,-0.22516723472730926,-0.024262116299701958
0.24271430684291828,-0.5969278607891435,-0.28234446036030225,1.2598182491775918
0.4636025244156019,1.0,-0.3274901807775934,9.451798341450013
0.3905439027954749,0.2543359006892947,0.20603941712188778,0.9326231752865193
0.3635236067064682,-0.4593330728230951,0.9998552307751987,-2.96484863438207
-0.23940075162764352,-1.0,-1.0,-14.999903056643634
1.0,-0.34238332674525696,1.0,7.150363868702147
-0.41721878982286875,0.826904518762158,-1.0,-4.156456613708137
-0.21181808483605358,-1.0,-0.6121393004621569,-1.0495317228940237
0.14101339833239512,0.184106897947109,0.23262594792809566,0.8913898742189871
0.6907241969277189,-0.8424897139202321,1.0,-4.928608733557913
-1.0,0.8040566380136669,0.6009916108035083,-2.922366748324443
0.9256956651148782,-1.0,0.07810266030000368,-6.186122693887654
1.0,-0.24741006295875612,0.8175900185381895,7.549329612581912
0.6289341980856842,-0.39468942250203787,1.0,-2.038980462795438
-0.6638758205567816,1.0,0.12379637474771887,4.288542030236605
-0.18986262546465338,-0.13598550977629587,-0.5557646163175387,1.1309967328313695
1.0,0.5735181148662312,-0.5156824961107453,6.053323205923184
0.25110071133436085,0.44503222831535894,-0.8528510498350665,-0.6170444596412015
-0.4340218050640272,0.8194307426934213,0.6239093124915343,2.487116567406167
0.9611235460120837,0.3076555207580949,-0.20279578308542479,4.359529479416079
1.0,1.0,0.31670315920084313,13.488816726377614
-1.0,0.9284459206170803,-1.0,20.685759376124093
-0.08324351725779766,-0.5618616508180849,-0.01437663416974888,1.2785571322078122
-0.9371469644255492,-1.0,-0.509657194838665,4.880321904916592
-0.47458957132622426,0.007061051196530332,-0.9459235231995229,0.021669993265402865
1.0,-0.16381654462503392,-0.7989263921765863,7.0054097155077875
0.6170344117714939,-0.37597779457017255,0.5722191727785289,1.8463864658984641
1.0,-0.8810571431669436,-0.8459369276559106,-4.336702822475617
1.0,-0.5455366102476422,-0.8850429926192378,4.137737144792534
0.8042342100684594,0.7730839617157341,-0.7410805394161317,4.565197137789953
-0.7665137480885584,1.0,-0.6227029398195032,3.531116382195611
-0.1163441281481643,-0.12256604260940684,1.0,-0.02933712762986622
0.893211854975569,-0.033347920958475274,-0.9330223052924829,3.3391295139550103
-1.0,0.7913941393781216,1.0,11.185307204991412
-0.04834398097269932,-0.7494015053807943,1.0,-1.8842353481926326
0.35732177529829734,0.7751693272729396,-0.731497518373686,2.5601358992383165
0.523744658092028,-1.0,0.35297727787812816,-0.890924600445119
0.22370377225678495,-1.0,1.0,-7.179058596905189
1.0,0.8762479970907597,-0.3194479233538676,10.012713077013945
0.399406536926578,1.0,1.0,9.562607410429454
-0.18412477510249414,-0.4425738385394318,0.2711905715558929,0.7683029935690437
-0.5268282268365447,-1.0,-1.0,-11.450173025716241
-0.8443976609326764,0.17148552521479976,-0.8152723372025676,2.014028131796023
0.8799973992204564,-1.0,0.7812894638828747,-4.766504641709286
1.0,0.2801633452365422,0.06906173971487961,5.20585663153718
-0.16672512792420235,-0.738039433529297,0.5009059882066433,0.38450600942733015
0.2085830585968118,1.0,-0.5251105215265714,10.319154527638906
-0.2989312296001325,0.2527593055174937,-1.0,-2.7398306156532333
-1.0,0.569516690522359,1.0,5.698303240328369
-0.033582027695628236,0.2511569099799993,-0.9668981416980342,-1.773612292834803
-0.9686334946280977,-0.7002117723763388,-0.6169646968044646,1.67212834125787
-1.0,-0.41262201804477705,-0.10948102798393089,-2.2141416945138315
0.253889676169758,-1.0,-0.8283132233938053,-10.221354114245788
-0.9377174264429364,1.0,-1.0,13.722244663118751
-0.6191325855124594,0.3180872473832921,-0.13200906889814945,-0.8926904714990012
-0.06565607833986742,0.8878223246643115,-1.0,-1.3630785384806117
-0.26330113140260747,0.3502683861041731,-0.5315616635450178,-1.060855373985694
-0.4599973871547518,0.4012928244498559,1.0,2.9140500956267648
-0.2716443810638689,0.1211114606344097,0.5850256662009041,0.4620177843738869
0.0177966729115826,0.8684532629776502,-0.6407922826706718,3.1588370984429757
0.6230427258933176,-1.0,-1.0,-24.356336242837468
-0.5369712675385538,-0.681240051912837,0.6140453278262026,0.8154446363433505
-0.037021707007686144,0.6525294228304648,1.0,5.787798667751699
-0.5154057848260587,0.46415920693879165,1.0,3.9583726095443588
-0.4679862760365785,0.6005553524738076,-1.0,-2.992128533438968
-0.36479155010396935,0.03496233420834449,0.4389539204657369,-0.6334140064965306
-0.7084903901633615,-1.0,-0.42470954016453644,3.2621098675670104
1.0,-1.0,0.5695117849004294,-6.2590460559013446
1.0,-0.7662543685340582,-0.29044563963519243,1.5265808257456073
-0.6012013829951397,0.9060987881249731,-0.742020706067106,-0.22911610801477644
0.4777159087337466,0.6360432644844687,0.09643476919557159,0.9116202281463628
-0.5375387665093654,0.11970420869908605,0.2891905878257326,-0.9717561569926779
-0.7595666890093182,0.18465683600509797,0.3077989919334776,-2.5176578258797915
-1.0,-0.22678540819896198,0.6440013595226859,-1.5932768004009623
0.03339481800707422,0.032658402224500005,-0.15212558330735737,1.33272705871234
0.07773503505244639,-1.0,-0.45135422128110836,-0.06197849201462996
-0.9494736537040744,-0.8777310678228278,-0.1757534200722599,3.8918112878766884
-0.09591529508537233,0.23157504835537157,-1.0,-4.00153307111454
0.9812534734949558,-0.9604747627922008,-0.5618749832955623,-7.658274740730621
1.0,1.0,0.165392495908111,14.005006319825858
0.9661627605829659,0.8564127959013708,0.614259645091491,12.505939853157
1.0,0.593069996870403,-0.7986580552499529,8.41026323520631
0.49309602351353066,-1.0,-0.1638398494493829,-0.22247609007528404
-0.4974315995145957,0.5695236200749307,-0.9578881766553595,-2.614623996159037
-0.8949811018605853,-0.2373662597727364,0.8121824453156841,1.1911468697682703
1.0,0.4133847511696953,-0.4908307048904268,4.705262766606532
0.38070499205131814,-0.2265118952828311,0.07271555829852172,1.651943684275637
1.0,0.9795072108903979,-1.0,35.71636530858815
0.1934935161422131,0.7097965934248018,0.6541689386497813,2.8232997609542316
0.12335209122751678,0.08992519664118692,1.0,0.6916726718220885
1.0,1.0,0.8514359496748729,20.36553535191904
-0.42581630384087354,-0.19419249210281953,-0.10977874896339634,0.18097881093081805
-1.0,0.3146267411161128,0.22199775214471806,-5.076665006045476
0.8749347382220889,0.03206873628722162,1.0,6.918432098986978
0.8140986216637807,-0.25323639838321954,-0.5988302223409347,2.1175049746858745
0.8077591723452473,0.31872136394682493,-0.6013333734917277,1.4026226134729205
-0.7644275024735545,-0.11905001330877418,0.7431159448371716,0.08958914564306565
0.036230637402656196,0.09732017276003058,1.0,0.7960748730179523
0.6663052069287168,0.12983383280290117,-0.31107904306088785,1.0989337909721497
-0.9091668340498538,0.8959925657353223,1.0,12.075227792248914
0.28533243235753414,0.056470815969951405,1.0,-0.2637707107145255
0.39090943148747415,-1.0,0.9616398868815794,-6.14655156461957
0.8451178467130904,0.734035988826625,1.0,15.079935140379865
0.7402516981958112,-1.0,0.35678472460120525,-2.1248308017500546
-1.0,1.0,-0.41892300092834933,11.288480167489132
-0.4754911642662387,-0.6591958521650323,0.022019010874047895,1.2356973741666606
-1.0,-0.9982750412044994,-1.0,2.7471080944532975
0.142513472503905,-0.29159657599607525,-1.0,-4.079323417701779
-0.24017587459309397,-1.0,-0.8326191291363758,-6.726612870117589
0.674537542043739,-0.6855201032735652,-0.5890316792210608,1.3987385296519408
-1.0,0.654552984024539,1.0,7.6976993016553585
0.2180178932244834,0.3003990855727321,0.03307520123868435,0.8608527967263969
0.025533755922916734,-0.1706033585991802,-1.0,-3.3434539527380185
-1.0,-1.0,1.0,21.762422385416713
0.940444366731257,-0.7021374235937183,0.5499019842540902,1.4165731713839465
-1.0,0.38538055673846006,0.6009967663222797,-4.630335596204826
-0.7528518761198937,0.5513061638378016,0.18035708910368675,-2.848284300821926
-1.0,-0.14942160383561132,0.2369441325128625,-4.220124875739511
0.6013765433380525,0.2208613937050652,-0.3766001564261978,1.1737463350659436
-0.1908502019556073,-0.4227685180023726,0.1612696663368396,0.7592793821710031
-1.0,0.2761121531068027,0.3712813188625905,-4.839202784041785
-0.5335436244560441,-1.0,-1.0,-10.35489518425083
0.7120882284779089,0.6647152910360974,-1.0,-0.10209067081417098
1.0,0.36910906824556644,-0.9393309790612663,9.883247119086208
0.14555514357742272,0.04487195593187243,0.34749945283933514,0.6830988697901489
-0.4681469523129287,-1.0,0.6711667687039247,1.339280571033268
0.6171505860288147,0.39953643226838387,-1.0,-1.9125735517387226
-1.0,0.8000120830482784,-0.3842700552901659,4.025962293774847
-0.45300164920019825,1.0,-0.05102978727961127,5.5445975642680265
-0.8214290852668489,1.0,0.21000150054376543,2.8575667035711345
-1.0,-0.24087597593384702,1.0,5.447877271381672
-0.06606555999471397,0.7177409628132227,-0.31364274784203583,0.44026032932731246
-0.19683778405486474,-0.5359770411572728,1.0,-0.6243226329713913
0.17729571717464876,0.952082633395642,-1.0,1.3138354505206473
-0.5365532185737742,1.0,-0.6262819258812713,5.141378338108084
-0.5809677682864147,-0.2990586106264168,1.0,1.609272839176583
-0.026351398254049974,-1.0,-0.765435460586561,-5.547248882505131
0.09155710919868887,0.9586391089245974,-1.0,2.0842706470112886
-0.6171226415862652,-0.24170170113022338,-0.3046398442288192,-0.34043718136877277
1.0,-0.12422022605890826,-0.8779772450617827,7.120242364198595
0.2979526257137346,-0.0947963342172935,1.0,-1.091046939942484
0.859989379451723,0.7042010696058008,-0.3251182625682125,2.7199079177346426
1.0,0.06726331645226358,0.5179445054591036,6.8987756423886335
-1.0,-0.7797774225749003,-0.030020643494372834,2.6195080368964816
0.7894516996323515,1.0,-0.3079976667393194,10.983747199948754
1.0,-0.5934687710715743,0.6957485559734056,4.4847155059212644
-0.1364292354149157,0.4121874224935562,-0.08913721760237547,-0.08393397325929902
-0.9770838181246206,-0.303813291588229,-1.0,7.5490106328888205
1.0,0.7953954447561704,0.8948128358154186,20.686234150009078
0.020452144662267635,-0.34696376353310643,0.2052880346286754,0.36632751430864285
-0.5906845460254584,-0.4239689634514223,-1.0,-0.7793655338993511
0.11300051441222458,0.06037436197308832,-0.38323430750926324,1.6030508909752361
-1.0,-0.5373771639663154,1.0,9.833820590414813
-0.9413295946699978,0.09451974627766324,1.0,2.687651341222999
-0.07584440441164775,-0.2962576600689255,0.07808681285539887,1.0108806190538802
0.4273250346324724,0.27039381690493447,1.0,1.3430319393725185
-1.0,0.822781234688367,1.0,11.954858363145004
0.26646163277213364,-0.2701383133327586,1.0,-1.1862737747856196
0.5543803739669368,-0.9070468586993059,0.5069569642551472,0.6522830063296442
0.17291483359209114,-0.09479355174010196,-0.3932313009584647,1.3231973731492324
1.0,1.0,-0.4203252061948082,19.1287722349297
-1.0,1.0,-0.021394649825778655,7.436152635061186
0.25994959947503404,0.09990700016392728,0.5836742976388334,0.6762640058091599
0.045779987892903495,-0.43503926455253206,0.00708796977116144,0.6562695760443944
-0.16184413601003333,-0.4078622379456187,-1.0,-4.9156636686054505
-0.3431147961110246,1.0,-1.0,1.512701311954664
0.6239041724316765,1.0,0.7373510998317834,7.866670969965908
0.6408286873876403,-0.49564518790480827,-0.17986553046148424,1.0653922680976857
-0.0566693300275507,0.7772722718837766,0.00991654648758522,1.7052574194279395
-0.24668550812731316,1.0,0.19501303724644403,6.956637133927506
-1.0,-0.11436974474191675,-0.033822725693569256,-4.189203566200438
0.24679346473380148,-0.5229039381639586,0.02317550312394623,0.5611587402880229
-0.662193554723626,0.7885802527564498,1.0,10.17137786120766
-0.3332797767784448,0.19598245178500662,0.7848038343333128,0.47997667825762114
0.10745315984346848,0.5320099151401785,0.4420010736256481,0.40440483169724767
1.0,-0.41330410315977106,-0.7356486278083305,5.734522677779803
0.25272624332474924,-0.4906244417114274,0.5121646748064765,0.9579469399441254
0.3479560812035851,-0.7278688815692718,-0.9409749380352721,-6.287192967938625
1.0,0.7573055248498741,-0.26153280723640937,7.512903771863543
0.645538289762575,0.918882517527221,1.0,9.696944819054693
0.26654852815938934,-1.0,-0.3080359485251234,0.606996893163764
0.9957026278956267,0.15268628342544832,0.2669340858854552,5.542163482934141
-1.0,-1.0,1.0,22.424569981286115
-0.16066904063505083,-0.6553215583945986,1.0,-1.2318717965940869
1.0,0.7476393132382246,-1.0,17.242829379449397
0.3702548869950686,-0.26998092767964277,-0.7955384372198628,-0.48774232822989866
0.8493452723468295,-0.5097239776280809,0.24558373155266255,2.308347637631516
-0.05261658428694793,-0.9263346523793523,-0.1623569842321244,2.067689985021131
-0.33341182088389143,-0.9554791860652558,0.5705326423526627,1.4431738424628924
0.8892906496241098,0.6135715043294192,-0.8796389625854206,5.309683493984619
0.13205459209527914,0.2516840396002482,1.0,1.203459463271327
-0.17556713167925775,1.0,-0.4298700465777041,8.706708196918829
-0.7204837924552765,-0.04934573943468368,-0.35655268568664145,-0.21610942052361892
0.5271291184599756,-0.32869477525085133,-0.4389952091260094,1.2199025787948055
0.5087081472980137,1.0,0.7590157902671903,7.431225968115201
-0.8516638233821521,1.0,0.04129535818709229,3.6835520858679254
0.3865150772579913,1.0,-0.3865925948044875,9.979055533816512
0.24299228753621582,-0.7978032049314878,1.0,-4.728461174563176
0.9311935872297483,0.40700947627649,-1.0,7.799422530513976
-0.46374688867939406,0.6579342299529602,-0.6770074214348112,-1.092314754787031
0.09464579640635873,0.03800293222036033,-0.436573421575126,1.153004275925614
0.0750101111568795,0.8938228601060214,-0.4502981731478266,4.879467141493897
-0.23032753787994054,1.0,-0.24254972072752334,8.349505594987638
0.8038467344904794,-0.677084661448262,-1.0,-7.392544604462257
-0.40169736235354336,0.11332025234305587,1.0,1.0791247313804544
-0.7835266490183825,0.660588963415385,0.2928166705722044,-3.01153952384301
-0.6044805239120803,-1.0,-0.6436244757443823,-0.037976283809536555
0.16555070192010413,-0.4316069193900074,1.0,-1.836023247213387
0.5868464879665594,-0.38365436053726953,-0.7067919761876726,1.197210828886835
-1.0,0.7570922624808705,0.4870810353085375,-2.730176335748404
-0.4767711966943635,1.0,-0.24793245085609206,5.75833464449612
1.0,-0.5740152930986793,-1.0,0.012736898488381249
-0.9155211439817434,0.8264270627732346,0.27939726699742407,-1.8897126359479821
-0.10415484528039176,0.5406129780699598,-1.0,-4.118600909789104
-0.6411207021512602,1.0,-0.5741046380106578,3.7644621002248986
0.151156909682721,0.515230852413844,-0.37685965998415316,0.9252667014195158
-0.6400746091196636,-1.0,-0.48810861912250725,2.3077734759360897
0.04021070796784665,-0.9094092125511195,-0.883152235927537,-6.820901564895138
-0.7769807188179216,0.4852282496678664,0.39082237966509936,-2.1786472982712057
-1.0,-0.3641187819794016,-0.05596308579803666,-2.05311014875922
-0.55445146500954,-0.8711983889643049,-0.07581493391076233,3.5180257991900374
0.2418742441872792,-1.0,-0.45703334310979815,-0.1809130253532421
1.0,-0.33824692310388005,-0.0630057372413324,3.9945703682244003
-0.32405432489858943,0.2925371019169525,-1.0,-2.792734340280364
0.3851559863646059,1.0,0.37846425200073863,6.623358481994652
-0.3580474686255808,0.9182565454495375,0.05680610974492151,2.8083263965871046
1.0,-1.0,-0.8457668577909137,-19.50704173491233
-0.19632033039250785,-0.6517103940377185,1.0,-1.3062481073977172
-1.0,0.12954771843154145,0.01544277439133479,-5.256188184121115
1.0,-0.9085088381498776,0.8661849616139177,-2.925210250360438
-0.6664200429783773,-0.23664916973601002,-1.0,1.0671797445711788
0.054328118276790516,0.5699047304975173,0.3217104147063363,0.17078514420779323
-1.0,-0.7244958334718341,0.3731780630865198,3.3738194194259075
-0.4906007917600428,0.9156672589438479,-0.03128860410234302,2.160976843522401
-1.0,0.8899668765746394,0.8834278433928993,5.32580839618223
-0.6019885506005616,1.0,0.32788713604097275,5.5118922216639605
-1.0,1.0,0.8642958311513225,4.753596929886119
-1.0,0.8218169361405792,0.8520151029012777,2.034999521513201
-0.23987088587794303,0.747287071698491,-0.3519041333867061,0.7533126106060413
-0.576023390255336,1.0,-1.0,0.4256244246143235
0.1167708221417918,-0.40918881206521296,1.0,-1.8634614705464199
1.0,-1.0,1.0,-8.865968761428073
0.683394651017776,-0.09483947804462045,-0.9094340064933009,0.10371727945231055
1.0,-0.25000535243438726,1.0,7.095410262615664
-0.3408449995774472,-0.7916101631174772,0.9455282530989766,-0.46617422498235395
-1.0,0.12301396857536906,-0.279360560961853,-2.7892870016541162
-1.0,0.4235405003553676,-0.09993806718080211,-2.7697609415548796
-0.42602039394190094,-0.06713194023241864,1.0,0.6474659911002679
